[{"model": "characters.character", "pk": 1, "fields": {"name": "Luke Skywalker", "height": "172", "mass": "77", "hair_color": "blond", "skin_color": "fair", "eye_color": "blue", "birth_year": "19BBY", "gender": "male"}}, {"model": "characters.character", "pk": 2, "fields": {"name": "C-3PO", "height": "167", "mass": "75", "hair_color": "n/a", "skin_color": "gold", "eye_color": "yellow", "birth_year": "112BBY", "gender": "n/a"}}, {"model": "characters.character", "pk": 3, "fields": {"name": "R2-D2", "height": "96", "mass": "32", "hair_color": "n/a", "skin_color": "white, blue", "eye_color": "red", "birth_year": "33BBY", "gender": "n/a"}}, {"model": "characters.character", "pk": 4, "fields": {"name": "Darth Vader", "height": "202", "mass": "136", "hair_color": "none", "skin_color": "white", "eye_color": "yellow", "birth_year": "41.9BBY", "gender": "male"}}, {"model": "characters.character", "pk": 5, "fields": {"name": "Leia Organa", "height": "150", "mass": "49", "hair_color": "brown", "skin_color": "light", "eye_color": "brown", "birth_year": "19BBY", "gender": "female"}}, {"model": "characters.character", "pk": 6, "fields": {"name": "Owen Lars", "height": "178", "mass": "120", "hair_color": "brown, grey", "skin_color": "light", "eye_color": "blue", "birth_year": "52BBY", "gender": "male"}}, {"model": "characters.character", "pk": 7, "fields": {"name": "Beru Whitesun lars", "height": "165", "mass": "75", "hair_color": "brown", "skin_color": "light", "eye_color": "blue", "birth_year": "47BBY", "gender": "female"}}, {"model": "characters.character", "pk": 8, "fields": {"name": "R5-D4", "height": "97", "mass": "32", "hair_color": "n/a", "skin_color": "white, red", "eye_color": "red", "birth_year": "unknown", "gender": "n/a"}}, {"model": "characters.character", "pk": 9, "fields": {"name": "Biggs Darklighter", "height": "183", "mass": "84", "hair_color": "black", "skin_color": "light", "eye_color": "brown", "birth_year": "24BBY", "gender": "male"}}, {"model": "characters.character", "pk": 10, "fields": {"name": "Obi-Wan Kenobi", "height": "182", "mass": "77", "hair_color": "auburn, white", "skin_color": "fair", "eye_color": "blue-gray", "birth_year": "57BBY", "gender": "male"}}, {"model": "characters.character", "pk": 11, "fields": {"name": "Anakin Skywalker", "height": "188", "mass": "84", "hair_color": "blond", "skin_color": "fair", "eye_color": "blue", "birth_year": "41.9BBY", "gender": "male"}}, {"model": "characters.character", "pk": 12, "fields": {"name": "Anakin Skywalker", "height": "188", "mass": "84", "hair_color": "blond", "skin_color": "fair", "eye_color": "blue", "birth_year": "41.9BBY", "gender": "male"}}, {"model": "characters.character", "pk": 13, "fields": {"name": "Wilhuff Tarkin", "height": "180", "mass": "unknown", "hair_color": "auburn, grey", "skin_color": "fair", "eye_color": "blue", "birth_year": "64BBY", "gender": "male"}}, {"model": "characters.character", "pk": 14, "fields": {"name": "Chewbacca", "height": "228", "mass": "112", "hair_color": "brown", "skin_color": "unknown", "eye_color": "blue", "birth_year": "200BBY", "gender": "male"}}, {"model": "characters.character", "pk": 15, "fields": {"name": "Han Solo", "height": "180", "mass": "80", "hair_color": "brown", "skin_color": "fair", "eye_color": "brown", "birth_year": "29BBY", "gender": "male"}}, {"model": "characters.character", "pk": 16, "fields": {"name": "Greedo", "height": "173", "mass": "74", "hair_color": "n/a", "skin_color": "green", "eye_color": "black", "birth_year": "44BBY", "gender": "male"}}, {"model": "characters.character", "pk": 17, "fields": {"name": "Jabba Desilijic Tiure", "height": "175", "mass": "1,358", "hair_color": "n/a", "skin_color": "green-tan, brown", "eye_color": "orange", "birth_year": "600BBY", "gender": "hermaphrodite"}}, {"model": "characters.character", "pk": 18, "fields": {"name": "Wedge Antilles", "height": "170", "mass": "77", "hair_color": "brown", "skin_color": "fair", "eye_color": "hazel", "birth_year": "21BBY", "gender": "male"}}, {"model": "characters.character", "pk": 19, "fields": {"name": "Jek Tono Porkins", "height": "180", "mass": "110", "hair_color": "brown", "skin_color": "fair", "eye_color": "blue", "birth_year": "unknown", "gender": "male"}}, {"model": "characters.character", "pk": 20, "fields": {"name": "Yoda", "height": "66", "mass": "17", "hair_color": "white", "skin_color": "green", "eye_color": "brown", "birth_year": "896BBY", "gender": "male"}}, {"model": "characters.character", "pk": 21, "fields": {"name": "Palpatine", "height": "170", "mass": "75", "hair_color": "grey", "skin_color": "pale", "eye_color": "yellow", "birth_year": "82BBY", "gender": "male"}}, {"model": "characters.character", "pk": 22, "fields": {"name": "Boba Fett", "height": "183", "mass": "78.2", "hair_color": "black", "skin_color": "fair", "eye_color": "brown", "birth_year": "31.5BBY", "gender": "male"}}, {"model": "characters.character", "pk": 23, "fields": {"name": "IG-88", "height": "200", "mass": "140", "hair_color": "none", "skin_color": "metal", "eye_color": "red", "birth_year": "15BBY", "gender": "none"}}, {"model": "characters.character", "pk": 24, "fields": {"name": "Bossk", "height": "190", "mass": "113", "hair_color": "none", "skin_color": "green", "eye_color": "red", "birth_year": "53BBY", "gender": "male"}}, {"model": "characters.character", "pk": 25, "fields": {"name": "Lando Calrissian", "height": "177", "mass": "79", "hair_color": "black", "skin_color": "dark", "eye_color": "brown", "birth_year": "31BBY", "gender": "male"}}, {"model": "characters.character", "pk": 26, "fields": {"name": "Lobot", "height": "175", "mass": "79", "hair_color": "none", "skin_color": "light", "eye_color": "blue", "birth_year": "37BBY", "gender": "male"}}, {"model": "characters.character", "pk": 27, "fields": {"name": "Ackbar", "height": "180", "mass": "83", "hair_color": "none", "skin_color": "brown mottle", "eye_color": "orange", "birth_year": "41BBY", "gender": "male"}}, {"model": "characters.character", "pk": 28, "fields": {"name": "Mon Mothma", "height": "150", "mass": "unknown", "hair_color": "auburn", "skin_color": "fair", "eye_color": "blue", "birth_year": "48BBY", "gender": "female"}}, {"model": "characters.character", "pk": 29, "fields": {"name": "Arvel Crynyd", "height": "unknown", "mass": "unknown", "hair_color": "brown", "skin_color": "fair", "eye_color": "brown", "birth_year": "unknown", "gender": "male"}}, {"model": "characters.character", "pk": 30, "fields": {"name": "Wicket Systri Warrick", "height": "88", "mass": "20", "hair_color": "brown", "skin_color": "brown", "eye_color": "brown", "birth_year": "8BBY", "gender": "male"}}, {"model": "characters.character", "pk": 31, "fields": {"name": "Nien Nunb", "height": "160", "mass": "68", "hair_color": "none", "skin_color": "grey", "eye_color": "black", "birth_year": "unknown", "gender": "male"}}, {"model": "characters.character", "pk": 32, "fields": {"name": "Qui-Gon Jinn", "height": "193", "mass": "89", "hair_color": "brown", "skin_color": "fair", "eye_color": "blue", "birth_year": "92BBY", "gender": "male"}}, {"model": "characters.character", "pk": 33, "fields": {"name": "Nute Gunray", "height": "191", "mass": "90", "hair_color": "none", "skin_color": "mottled green", "eye_color": "red", "birth_year": "unknown", "gender": "male"}}, {"model": "characters.character", "pk": 34, "fields": {"name": "Finis Valorum", "height": "170", "mass": "unknown", "hair_color": "blond", "skin_color": "fair", "eye_color": "blue", "birth_year": "91BBY", "gender": "male"}}, {"model": "characters.character", "pk": 35, "fields": {"name": "Padmé Amidala", "height": "185", "mass": "45", "hair_color": "brown", "skin_color": "light", "eye_color": "brown", "birth_year": "46BBY", "gender": "female"}}, {"model": "characters.character", "pk": 36, "fields": {"name": "Jar Jar Binks", "height": "196", "mass": "66", "hair_color": "none", "skin_color": "orange", "eye_color": "orange", "birth_year": "52BBY", "gender": "male"}}, {"model": "characters.character", "pk": 37, "fields": {"name": "Roos Tarpals", "height": "224", "mass": "82", "hair_color": "none", "skin_color": "grey", "eye_color": "orange", "birth_year": "unknown", "gender": "male"}}, {"model": "characters.character", "pk": 38, "fields": {"name": "Rugor Nass", "height": "206", "mass": "unknown", "hair_color": "none", "skin_color": "green", "eye_color": "orange", "birth_year": "unknown", "gender": "male"}}, {"model": "characters.character", "pk": 39, "fields": {"name": "Ric Olié", "height": "183", "mass": "unknown", "hair_color": "brown", "skin_color": "fair", "eye_color": "blue", "birth_year": "unknown", "gender": "male"}}, {"model": "characters.character", "pk": 40, "fields": {"name": "Watto", "height": "137", "mass": "unknown", "hair_color": "black", "skin_color": "blue, grey", "eye_color": "yellow", "birth_year": "unknown", "gender": "male"}}, {"model": "characters.character", "pk": 41, "fields": {"name": "Sebulba", "height": "112", "mass": "40", "hair_color": "none", "skin_color": "grey, red", "eye_color": "orange", "birth_year": "unknown", "gender": "male"}}, {"model": "characters.character", "pk": 42, "fields": {"name": "Quarsh Panaka", "height": "183", "mass": "unknown", "hair_color": "black", "skin_color": "dark", "eye_color": "brown", "birth_year": "62BBY", "gender": "male"}}, {"model": "characters.character", "pk": 43, "fields": {"name": "Shmi Skywalker", "height": "163", "mass": "unknown", "hair_color": "black", "skin_color": "fair", "eye_color": "brown", "birth_year": "72BBY", "gender": "female"}}, {"model": "characters.character", "pk": 44, "fields": {"name": "Darth Maul", "height": "175", "mass": "80", "hair_color": "none", "skin_color": "red", "eye_color": "yellow", "birth_year": "54BBY", "gender": "male"}}, {"model": "characters.character", "pk": 45, "fields": {"name": "Bib Fortuna", "height": "180", "mass": "unknown", "hair_color": "none", "skin_color": "pale", "eye_color": "pink", "birth_year": "unknown", "gender": "male"}}, {"model": "characters.character", "pk": 46, "fields": {"name": "Ayla Secura", "height": "178", "mass": "55", "hair_color": "none", "skin_color": "blue", "eye_color": "hazel", "birth_year": "48BBY", "gender": "female"}}, {"model": "characters.character", "pk": 47, "fields": {"name": "Ratts Tyerel", "height": "79", "mass": "15", "hair_color": "none", "skin_color": "grey, blue", "eye_color": "unknown", "birth_year": "unknown", "gender": "male"}}, {"model": "characters.character", "pk": 48, "fields": {"name": "Dud Bolt", "height": "94", "mass": "45", "hair_color": "none", "skin_color": "blue, grey", "eye_color": "yellow", "birth_year": "unknown", "gender": "male"}}, {"model": "characters.character", "pk": 49, "fields": {"name": "Gasgano", "height": "122", "mass": "unknown", "hair_color": "none", "skin_color": "white, blue", "eye_color": "black", "birth_year": "unknown", "gender": "male"}}, {"model": "characters.character", "pk": 50, "fields": {"name": "Ben Quadinaros", "height": "163", "mass": "65", "hair_color": "none", "skin_color": "grey, green, yellow", "eye_color": "orange", "birth_year": "unknown", "gender": "male"}}, {"model": "characters.character", "pk": 51, "fields": {"name": "Mace Windu", "height": "188", "mass": "84", "hair_color": "none", "skin_color": "dark", "eye_color": "brown", "birth_year": "72BBY", "gender": "male"}}, {"model": "characters.character", "pk": 52, "fields": {"name": "Ki-Adi-Mundi", "height": "198", "mass": "82", "hair_color": "white", "skin_color": "pale", "eye_color": "yellow", "birth_year": "92BBY", "gender": "male"}}, {"model": "characters.character", "pk": 53, "fields": {"name": "Kit Fisto", "height": "196", "mass": "87", "hair_color": "none", "skin_color": "green", "eye_color": "black", "birth_year": "unknown", "gender": "male"}}, {"model": "characters.character", "pk": 54, "fields": {"name": "Eeth Koth", "height": "171", "mass": "unknown", "hair_color": "black", "skin_color": "brown", "eye_color": "brown", "birth_year": "unknown", "gender": "male"}}, {"model": "characters.character", "pk": 55, "fields": {"name": "Adi Gallia", "height": "184", "mass": "50", "hair_color": "none", "skin_color": "dark", "eye_color": "blue", "birth_year": "unknown", "gender": "female"}}, {"model": "characters.character", "pk": 56, "fields": {"name": "Saesee Tiin", "height": "188", "mass": "unknown", "hair_color": "none", "skin_color": "pale", "eye_color": "orange", "birth_year": "unknown", "gender": "male"}}, {"model": "characters.character", "pk": 57, "fields": {"name": "Yarael Poof", "height": "264", "mass": "unknown", "hair_color": "none", "skin_color": "white", "eye_color": "yellow", "birth_year": "unknown", "gender": "male"}}, {"model": "characters.character", "pk": 58, "fields": {"name": "Plo Koon", "height": "188", "mass": "80", "hair_color": "none", "skin_color": "orange", "eye_color": "black", "birth_year": "22BBY", "gender": "male"}}, {"model": "characters.character", "pk": 59, "fields": {"name": "Mas Amedda", "height": "196", "mass": "unknown", "hair_color": "none", "skin_color": "blue", "eye_color": "blue", "birth_year": "unknown", "gender": "male"}}, {"model": "characters.character", "pk": 60, "fields": {"name": "Gregar Typho", "height": "185", "mass": "85", "hair_color": "black", "skin_color": "dark", "eye_color": "brown", "birth_year": "unknown", "gender": "male"}}, {"model": "characters.character", "pk": 61, "fields": {"name": "Cordé", "height": "157", "mass": "unknown", "hair_color": "brown", "skin_color": "light", "eye_color": "brown", "birth_year": "unknown", "gender": "female"}}, {"model": "characters.character", "pk": 62, "fields": {"name": "Cliegg Lars", "height": "183", "mass": "unknown", "hair_color": "brown", "skin_color": "fair", "eye_color": "blue", "birth_year": "82BBY", "gender": "male"}}, {"model": "characters.character", "pk": 63, "fields": {"name": "Poggle the Lesser", "height": "183", "mass": "80", "hair_color": "none", "skin_color": "green", "eye_color": "yellow", "birth_year": "unknown", "gender": "male"}}, {"model": "characters.character", "pk": 64, "fields": {"name": "Luminara Unduli", "height": "170", "mass": "56.2", "hair_color": "black", "skin_color": "yellow", "eye_color": "blue", "birth_year": "58BBY", "gender": "female"}}, {"model": "characters.character", "pk": 65, "fields": {"name": "Barriss Offee", "height": "166", "mass": "50", "hair_color": "black", "skin_color": "yellow", "eye_color": "blue", "birth_year": "40BBY", "gender": "female"}}, {"model": "characters.character", "pk": 66, "fields": {"name": "Dormé", "height": "165", "mass": "unknown", "hair_color": "brown", "skin_color": "light", "eye_color": "brown", "birth_year": "unknown", "gender": "female"}}, {"model": "characters.character", "pk": 67, "fields": {"name": "Dooku", "height": "193", "mass": "80", "hair_color": "white", "skin_color": "fair", "eye_color": "brown", "birth_year": "102BBY", "gender": "male"}}, {"model": "characters.character", "pk": 68, "fields": {"name": "Bail Prestor Organa", "height": "191", "mass": "unknown", "hair_color": "black", "skin_color": "tan", "eye_color": "brown", "birth_year": "67BBY", "gender": "male"}}, {"model": "characters.character", "pk": 69, "fields": {"name": "Jango Fett", "height": "183", "mass": "79", "hair_color": "black", "skin_color": "tan", "eye_color": "brown", "birth_year": "66BBY", "gender": "male"}}, {"model": "characters.character", "pk": 70, "fields": {"name": "Zam Wesell", "height": "168", "mass": "55", "hair_color": "blonde", "skin_color": "fair, green, yellow", "eye_color": "yellow", "birth_year": "unknown", "gender": "female"}}, {"model": "characters.character", "pk": 71, "fields": {"name": "Dexter Jettster", "height": "198", "mass": "102", "hair_color": "none", "skin_color": "brown", "eye_color": "yellow", "birth_year": "unknown", "gender": "male"}}, {"model": "characters.character", "pk": 72, "fields": {"name": "Lama Su", "height": "229", "mass": "88", "hair_color": "none", "skin_color": "grey", "eye_color": "black", "birth_year": "unknown", "gender": "male"}}, {"model": "characters.character", "pk": 73, "fields": {"name": "Taun We", "height": "213", "mass": "unknown", "hair_color": "none", "skin_color": "grey", "eye_color": "black", "birth_year": "unknown", "gender": "female"}}, {"model": "characters.character", "pk": 74, "fields": {"name": "Jocasta Nu", "height": "167", "mass": "unknown", "hair_color": "white", "skin_color": "fair", "eye_color": "blue", "birth_year": "unknown", "gender": "female"}}, {"model": "characters.character", "pk": 75, "fields": {"name": "R4-P17", "height": "96", "mass": "unknown", "hair_color": "none", "skin_color": "silver, red", "eye_color": "red, blue", "birth_year": "unknown", "gender": "female"}}, {"model": "characters.character", "pk": 76, "fields": {"name": "Wat Tambor", "height": "193", "mass": "48", "hair_color": "none", "skin_color": "green, grey", "eye_color": "unknown", "birth_year": "unknown", "gender": "male"}}, {"model": "characters.character", "pk": 77, "fields": {"name": "San Hill", "height": "191", "mass": "unknown", "hair_color": "none", "skin_color": "grey", "eye_color": "gold", "birth_year": "unknown", "gender": "male"}}, {"model": "characters.character", "pk": 78, "fields": {"name": "Shaak Ti", "height": "178", "mass": "57", "hair_color": "none", "skin_color": "red, blue, white", "eye_color": "black", "birth_year": "unknown", "gender": "female"}}, {"model": "characters.character", "pk": 79, "fields": {"name": "Grievous", "height": "216", "mass": "159", "hair_color": "none", "skin_color": "brown, white", "eye_color": "green, yellow", "birth_year": "unknown", "gender": "male"}}, {"model": "characters.character", "pk": 80, "fields": {"name": "Tarfful", "height": "234", "mass": "136", "hair_color": "brown", "skin_color": "brown", "eye_color": "blue", "birth_year": "unknown", "gender": "male"}}, {"model": "characters.character", "pk": 81, "fields": {"name": "Raymus Antilles", "height": "188", "mass": "79", "hair_color": "brown", "skin_color": "light", "eye_color": "brown", "birth_year": "unknown", "gender": "male"}}, {"model": "characters.character", "pk": 82, "fields": {"name": "Sly Moore", "height": "178", "mass": "48", "hair_color": "none", "skin_color": "pale", "eye_color": "white", "birth_year": "unknown", "gender": "female"}}, {"model": "characters.character", "pk": 83, "fields": {"name": "Tion Medon", "height": "206", "mass": "80", "hair_color": "none", "skin_color": "grey", "eye_color": "black", "birth_year": "unknown", "gender": "male"}}, {"model": "films.film", "pk": 1, "fields": {"title": "A New Hope", "episode": "4", "opening_text": "It is a period of civil war.\r\nRebel spaceships, striking\r\nfrom a hidden base, have won\r\ntheir first victory against\r\nthe evil Galactic Empire.\r\n\r\nDuring the battle, Rebel\r\nspies managed to steal secret\r\nplans to the Empire's\r\nultimate weapon, the DEATH\r\nSTAR, an armored space\r\nstation with enough power\r\nto destroy an entire planet.\r\n\r\nPursued by the Empire's\r\nsinister agents, Princess\r\nLeia races home aboard her\r\nstarship, custodian of the\r\nstolen plans that can save her\r\npeople and restore\r\nfreedom to the galaxy....", "director": "George Lucas", "producer": "Gary Kurtz, Rick McCallum", "release_date": "1977-05-25", "planets": [1, 2, 3], "characters": [1, 2, 3, 4, 5, 6, 7, 8, 9, 10, 12, 13, 14, 15, 16, 18, 19, 81]}}, {"model": "films.film", "pk": 2, "fields": {"title": "The Empire Strikes Back", "episode": "5", "opening_text": "It is a dark time for the\r\nRebellion. Although the Death\r\nStar has been destroyed,\r\nImperial troops have driven the\r\nRebel forces from their hidden\r\nbase and pursued them across\r\nthe galaxy.\r\n\r\nEvading the dreaded Imperial\r\nStarfleet, a group of freedom\r\nfighters led by Luke Skywalker\r\nhas established a new secret\r\nbase on the remote ice world\r\nof Hoth.\r\n\r\nThe evil lord Darth Vader,\r\nobsessed with finding young\r\nSkywalker, has dispatched\r\nthousands of remote probes into\r\nthe far reaches of space....", "director": "Irvin Kershner", "producer": "Gary Kurtz, Rick McCallum", "release_date": "1980-05-17", "planets": [4, 5, 6, 27], "characters": [1, 2, 3, 4, 5, 10, 13, 14, 18, 20, 21, 22, 23, 24, 25, 26]}}, {"model": "films.film", "pk": 3, "fields": {"title": "Return of the Jedi", "episode": "6", "opening_text": "Luke Skywalker has returned to\r\nhis home planet of Tatooine in\r\nan attempt to rescue his\r\nfriend Han Solo from the\r\nclutches of the vile gangster\r\nJabba the Hutt.\r\n\r\nLittle does Luke know that the\r\nGALACTIC EMPIRE has secretly\r\nbegun construction on a new\r\narmored space station even\r\nmore powerful than the first\r\ndreaded Death Star.\r\n\r\nWhen completed, this ultimate\r\nweapon will spell certain doom\r\nfor the small band of rebels\r\nstruggling to restore freedom\r\nto the galaxy...", "director": "Richard Marquand", "producer": "Howard G. Kazanjian, George Lucas, Rick McCallum", "release_date": "1983-05-25", "planets": [1, 5, 7, 8, 9], "characters": [1, 2, 3, 4, 5, 10, 13, 14, 16, 18, 20, 21, 22, 25, 27, 28, 29, 30, 31, 45]}}, {"model": "films.film", "pk": 4, "fields": {"title": "The Phantom Menace", "episode": "1", "opening_text": "Turmoil has engulfed the\r\nGalactic Republic. The taxation\r\nof trade routes to outlying star\r\nsystems is in dispute.\r\n\r\nHoping to resolve the matter\r\nwith a blockade of deadly\r\nbattleships, the greedy Trade\r\nFederation has stopped all\r\nshipping to the small planet\r\nof Naboo.\r\n\r\nWhile the Congress of the\r\nRepublic endlessly debates\r\nthis alarming chain of events,\r\nthe Supreme Chancellor has\r\nsecretly dispatched two Jedi\r\nKnights, the guardians of\r\npeace and justice in the\r\ngalaxy, to settle the conflict....", "director": "George Lucas", "producer": "Rick McCallum", "release_date": "1999-05-19", "planets": [1, 8, 9], "characters": [2, 3, 10, 11, 16, 20, 21, 32, 33, 34, 35, 36, 37, 38, 39, 40, 41, 42, 43, 44, 46, 47, 48, 49, 50, 51, 52, 53, 54, 55, 56, 57, 58, 59]}}, {"model": "films.film", "pk": 5, "fields": {"title": "Attack of the Clones", "episode": "2", "opening_text": "There is unrest in the Galactic\r\nSenate. Several thousand solar\r\nsystems have declared their\r\nintentions to leave the Republic.\r\n\r\nThis separatist movement,\r\nunder the leadership of the\r\nmysterious Count Dooku, has\r\nmade it difficult for the limited\r\nnumber of Jedi Knights to maintain \r\npeace and order in the galaxy.\r\n\r\nSenator Amidala, the former\r\nQueen of Naboo, is returning\r\nto the Galactic Senate to vote\r\non the critical issue of creating\r\nan ARMY OF THE REPUBLIC\r\nto assist the overwhelmed\r\nJedi....", "director": "George Lucas", "producer": "Rick McCallum", "release_date": "2002-05-16", "planets": [1, 8, 9, 10, 11], "characters": [2, 3, 6, 7, 10, 11, 20, 21, 22, 33, 35, 36, 40, 43, 46, 51, 52, 53, 58, 59, 60, 61, 62, 63, 64, 65, 66, 67, 68, 69, 70, 71, 72, 73, 74, 75, 76, 77, 78, 82]}}, {"model": "films.film", "pk": 6, "fields": {"title": "Revenge of the Sith", "episode": "3", "opening_text": "War! The Republic is crumbling\r\nunder attacks by the ruthless\r\nSith Lord, Count Dooku.\r\nThere are heroes on both sides.\r\nEvil is everywhere.\r\n\r\nIn a stunning move, the\r\nfiendish droid leader, General\r\nGrievous, has swept into the\r\nRepublic capital and kidnapped\r\nChancellor Palpatine, leader of\r\nthe Galactic Senate.\r\n\r\nAs the Separatist Droid Army\r\nattempts to flee the besieged\r\ncapital with their valuable\r\nhostage, two Jedi Knights lead a\r\ndesperate mission to rescue the\r\ncaptive Chancellor....", "director": "George Lucas", "producer": "Rick McCallum", "release_date": "2005-05-19", "planets": [1, 2, 5, 8, 9, 12, 13, 14, 15, 16, 17, 18, 19], "characters": [1, 2, 3, 4, 5, 6, 7, 10, 11, 12, 13, 20, 21, 33, 35, 46, 51, 52, 53, 54, 55, 56, 58, 63, 64, 67, 68, 75, 78, 79, 80, 81, 82, 83]}}, {"model": "planets.planet", "pk": 1, "fields": {"name": "Tatooine", "diameter": "10465", "climate": "arid", "gravity": "1 standard", "terrain": "desert", "population": "200000"}}, {"model": "planets.planet", "pk": 2, "fields": {"name": "Alderaan", "diameter": "12500", "climate": "temperate", "gravity": "1 standard", "terrain": "grasslands, mountains", "population": "2000000000"}}, {"model": "planets.planet", "pk": 3, "fields": {"name": "Yavin IV", "diameter": "10200", "climate": "temperate, tropical", "gravity": "1 standard", "terrain": "jungle, rainforests", "population": "1000"}}, {"model": "planets.planet", "pk": 4, "fields": {"name": "Hoth", "diameter": "7200", "climate": "frozen", "gravity": "1.1 standard", "terrain": "tundra, ice caves, mountain ranges", "population": "unknown"}}, {"model": "planets.planet", "pk": 5, "fields": {"name": "Dagobah", "diameter": "8900", "climate": "murky", "gravity": "N/A", "terrain": "swamp, jungles", "population": "unknown"}}, {"model": "planets.planet", "pk": 6, "fields": {"name": "Bespin", "diameter": "118000", "climate": "temperate", "gravity": "1.5 (surface), 1 standard (Cloud City)", "terrain": "gas giant", "population": "6000000"}}, {"model": "planets.planet", "pk": 7, "fields": {"name": "Endor", "diameter": "4900", "climate": "temperate", "gravity": "0.85 standard", "terrain": "forests, mountains, lakes", "population": "30000000"}}, {"model": "planets.planet", "pk": 8, "fields": {"name": "Naboo", "diameter": "12120", "climate": "temperate", "gravity": "1 standard", "terrain": "grassy hills, swamps, forests, mountains", "population": "4500000000"}}, {"model": "planets.planet", "pk": 9, "fields": {"name": "Coruscant", "diameter": "12240", "climate": "temperate", "gravity": "1 standard", "terrain": "cityscape, mountains", "population": "1000000000000"}}, {"model": "planets.planet", "pk": 10, "fields": {"name": "Kamino", "diameter": "19720", "climate": "temperate", "gravity": "1 standard", "terrain": "ocean", "population": "1000000000"}}, {"model": "planets.planet", "pk": 11, "fields": {"name": "Geonosis", "diameter": "11370", "climate": "temperate, arid", "gravity": "0.9 standard", "terrain": "rock, desert, mountain, barren", "population": "100000000000"}}, {"model": "planets.planet", "pk": 12, "fields": {"name": "Utapau", "diameter": "12900", "climate": "temperate, arid, windy", "gravity": "1 standard", "terrain": "scrublands, savanna, canyons, sinkholes", "population": "95000000"}}, {"model": "planets.planet", "pk": 13, "fields": {"name": "Mustafar", "diameter": "4200", "climate": "hot", "gravity": "1 standard", "terrain": "volcanoes, lava rivers, mountains, caves", "population": "20000"}}, {"model": "planets.planet", "pk": 14, "fields": {"name": "Kashyyyk", "diameter": "12765", "climate": "tropical", "gravity": "1 standard", "terrain": "jungle, forests, lakes, rivers", "population": "45000000"}}, {"model": "planets.planet", "pk": 15, "fields": {"name": "Polis Massa", "diameter": "0", "climate": "artificial temperate ", "gravity": "0.56 standard", "terrain": "airless asteroid", "population": "1000000"}}, {"model": "planets.planet", "pk": 16, "fields": {"name": "Mygeeto", "diameter": "10088", "climate": "frigid", "gravity": "1 standard", "terrain": "glaciers, mountains, ice canyons", "population": "19000000"}}, {"model": "planets.planet", "pk": 17, "fields": {"name": "Felucia", "diameter": "9100", "climate": "hot, humid", "gravity": "0.75 standard", "terrain": "fungus forests", "population": "8500000"}}, {"model": "planets.planet", "pk": 18, "fields": {"name": "Cato Neimoidia", "diameter": "0", "climate": "temperate, moist", "gravity": "1 standard", "terrain": "mountains, fields, forests, rock arches", "population": "10000000"}}, {"model": "planets.planet", "pk": 19, "fields": {"name": "Saleucami", "diameter": "14920", "climate": "hot", "gravity": "unknown", "terrain": "caves, desert, mountains, volcanoes", "population": "1400000000"}}, {"model": "planets.planet", "pk": 20, "fields": {"name": "Stewjon", "diameter": "0", "climate": "temperate", "gravity": "1 standard", "terrain": "grass", "population": "unknown"}}, {"model": "planets.planet", "pk": 21, "fields": {"name": "Eriadu", "diameter": "13490", "climate": "polluted", "gravity": "1 standard", "terrain": "cityscape", "population": "22000000000"}}, {"model": "planets.planet", "pk": 22, "fields": {"name": "Corellia", "diameter": "11000", "climate": "temperate", "gravity": "1 standard", "terrain": "plains, urban, hills, forests", "population": "3000000000"}}, {"model": "planets.planet", "pk": 23, "fields": {"name": "Rodia", "diameter": "7549", "climate": "hot", "gravity": "1 standard", "terrain": "jungles, oceans, urban, swamps", "population": "1300000000"}}, {"model": "planets.planet", "pk": 24, "fields": {"name": "Nal Hutta", "diameter": "12150", "climate": "temperate", "gravity": "1 standard", "terrain": "urban, oceans, swamps, bogs", "population": "7000000000"}}, {"model": "planets.planet", "pk": 25, "fields": {"name": "Dantooine", "diameter": "9830", "climate": "temperate", "gravity": "1 standard", "terrain": "oceans, savannas, mountains, grasslands", "population": "1000"}}, {"model": "planets.planet", "pk": 26, "fields": {"name": "Bestine IV", "diameter": "6400", "climate": "temperate", "gravity": "unknown", "terrain": "rocky islands, oceans", "population": "62000000"}}, {"model": "planets.planet", "pk": 27, "fields": {"name": "Ord Mantell", "diameter": "14050", "climate": "temperate", "gravity": "1 standard", "terrain": "plains, seas, mesas", "population": "4000000000"}}, {"model": "planets.planet", "pk": 28, "fields": {"name": "unknown", "diameter": "0", "climate": "unknown", "gravity": "unknown", "terrain": "unknown", "population": "unknown"}}, {"model": "planets.planet", "pk": 29, "fields": {"name": "Trandosha", "diameter": "0", "climate": "arid", "gravity": "0.62 standard", "terrain": "mountains, seas, grasslands, deserts", "population": "42000000"}}, {"model": "planets.planet", "pk": 30, "fields": {"name": "Socorro", "diameter": "0", "climate": "arid", "gravity": "1 standard", "terrain": "deserts, mountains", "population": "300000000"}}, {"model": "planets.planet", "pk": 31, "fields": {"name": "Mon Cala", "diameter": "11030", "climate": "temperate", "gravity": "1", "terrain": "oceans, reefs, islands", "population": "27000000000"}}, {"model": "planets.planet", "pk": 32, "fields": {"name": "Chandrila", "diameter": "13500", "climate": "temperate", "gravity": "1", "terrain": "plains, forests", "population": "1200000000"}}, {"model": "planets.planet", "pk": 33, "fields": {"name": "Sullust", "diameter": "12780", "climate": "superheated", "gravity": "1", "terrain": "mountains, volcanoes, rocky deserts", "population": "18500000000"}}, {"model": "planets.planet", "pk": 34, "fields": {"name": "Toydaria", "diameter": "7900", "climate": "temperate", "gravity": "1", "terrain": "swamps, lakes", "population": "11000000"}}, {"model": "planets.planet", "pk": 35, "fields": {"name": "Malastare", "diameter": "18880", "climate": "arid, temperate, tropical", "gravity": "1.56", "terrain": "swamps, deserts, jungles, mountains", "population": "2000000000"}}, {"model": "planets.planet", "pk": 36, "fields": {"name": "Dathomir", "diameter": "10480", "climate": "temperate", "gravity": "0.9", "terrain": "forests, deserts, savannas", "population": "5200"}}, {"model": "planets.planet", "pk": 37, "fields": {"name": "Ryloth", "diameter": "10600", "climate": "temperate, arid, subartic", "gravity": "1", "terrain": "mountains, valleys, deserts, tundra", "population": "1500000000"}}, {"model": "planets.planet", "pk": 38, "fields": {"name": "Aleen Minor", "diameter": "unknown", "climate": "unknown", "gravity": "unknown", "terrain": "unknown", "population": "unknown"}}, {"model": "planets.planet", "pk": 39, "fields": {"name": "Vulpter", "diameter": "14900", "climate": "temperate, artic", "gravity": "1", "terrain": "urban, barren", "population": "421000000"}}, {"model": "planets.planet", "pk": 40, "fields": {"name": "Troiken", "diameter": "unknown", "climate": "unknown", "gravity": "unknown", "terrain": "desert, tundra, rainforests, mountains", "population": "unknown"}}, {"model": "planets.planet", "pk": 41, "fields": {"name": "Tund", "diameter": "12190", "climate": "unknown", "gravity": "unknown", "terrain": "barren, ash", "population": "0"}}, {"model": "planets.planet", "pk": 42, "fields": {"name": "Haruun Kal", "diameter": "10120", "climate": "temperate", "gravity": "0.98", "terrain": "toxic cloudsea, plateaus, volcanoes", "population": "705300"}}, {"model": "planets.planet", "pk": 43, "fields": {"name": "Cerea", "diameter": "unknown", "climate": "temperate", "gravity": "1", "terrain": "verdant", "population": "450000000"}}, {"model": "planets.planet", "pk": 44, "fields": {"name": "Glee Anselm", "diameter": "15600", "climate": "tropical, temperate", "gravity": "1", "terrain": "lakes, islands, swamps, seas", "population": "500000000"}}, {"model": "planets.planet", "pk": 45, "fields": {"name": "Iridonia", "diameter": "unknown", "climate": "unknown", "gravity": "unknown", "terrain": "rocky canyons, acid pools", "population": "unknown"}}, {"model": "planets.planet", "pk": 46, "fields": {"name": "Tholoth", "diameter": "unknown", "climate": "unknown", "gravity": "unknown", "terrain": "unknown", "population": "unknown"}}, {"model": "planets.planet", "pk": 47, "fields": {"name": "Iktotch", "diameter": "unknown", "climate": "arid, rocky, windy", "gravity": "1", "terrain": "rocky", "population": "unknown"}}, {"model": "planets.planet", "pk": 48, "fields": {"name": "Quermia", "diameter": "unknown", "climate": "unknown", "gravity": "unknown", "terrain": "unknown", "population": "unknown"}}, {"model": "planets.planet", "pk": 49, "fields": {"name": "Dorin", "diameter": "13400", "climate": "temperate", "gravity": "1", "terrain": "unknown", "population": "unknown"}}, {"model": "planets.planet", "pk": 50, "fields": {"name": "Champala", "diameter": "unknown", "climate": "temperate", "gravity": "1", "terrain": "oceans, rainforests, plateaus", "population": "3500000000"}}, {"model": "planets.planet", "pk": 51, "fields": {"name": "Mirial", "diameter": "unknown", "climate": "unknown", "gravity": "unknown", "terrain": "deserts", "population": "unknown"}}, {"model": "planets.planet", "pk": 52, "fields": {"name": "Serenno", "diameter": "unknown", "climate": "unknown", "gravity": "unknown", "terrain": "rainforests, rivers, mountains", "population": "unknown"}}, {"model": "planets.planet", "pk": 53, "fields": {"name": "Concord Dawn", "diameter": "unknown", "climate": "unknown", "gravity": "unknown", "terrain": "jungles, forests, deserts", "population": "unknown"}}, {"model": "planets.planet", "pk": 54, "fields": {"name": "Zolan", "diameter": "unknown", "climate": "unknown", "gravity": "unknown", "terrain": "unknown", "population": "unknown"}}, {"model": "planets.planet", "pk": 55, "fields": {"name": "Ojom", "diameter": "unknown", "climate": "frigid", "gravity": "unknown", "terrain": "oceans, glaciers", "population": "500000000"}}, {"model": "planets.planet", "pk": 56, "fields": {"name": "Skako", "diameter": "unknown", "climate": "temperate", "gravity": "1", "terrain": "urban, vines", "population": "500000000000"}}, {"model": "planets.planet", "pk": 57, "fields": {"name": "Muunilinst", "diameter": "13800", "climate": "temperate", "gravity": "1", "terrain": "plains, forests, hills, mountains", "population": "5000000000"}}, {"model": "planets.planet", "pk": 58, "fields": {"name": "Shili", "diameter": "unknown", "climate": "temperate", "gravity": "1", "terrain": "cities, savannahs, seas, plains", "population": "unknown"}}, {"model": "planets.planet", "pk": 59, "fields": {"name": "Kalee", "diameter": "13850", "climate": "arid, temperate, tropical", "gravity": "1", "terrain": "rainforests, cliffs, canyons, seas", "population": "4000000000"}}, {"model": "planets.planet", "pk": 60, "fields": {"name": "Umbara", "diameter": "unknown", "climate": "unknown", "gravity": "unknown", "terrain": "unknown", "population": "unknown"}}]